[{"id":"user-image-icons8-discord-50.png","publicUrl":"np://user.desktop.nicepage.com/Site_260657682/images/icons8-discord-50.png","size":871,"hash":"YNoZF1pmx8tTLrcOMnApUcOHoGk=","fileName":"icons8-discord-50.png","name":"icons8-discord-50","width":50,"height":50,"thumbnail":{"url":"np://user.desktop.nicepage.com/Site_260657682/images/thumbnails/icons8-discord-50.png","width":50,"height":50,"length":871,"type":"png"},"folderId":null,"usages":[]},{"id":"user-image-11823292.png","publicUrl":"np://user.desktop.nicepage.com/Site_260657682/images/11823292.png","size":3285,"hash":"z4m+OFGN0H37qdzWWE/K6nm6W4c=","fileName":"11823292.png","name":"11823292","width":128,"height":128,"thumbnail":{"url":"np://user.desktop.nicepage.com/Site_260657682/images/thumbnails/11823292.png","width":128,"height":128,"length":3285,"type":"png"},"folderId":null,"usages":["54107995"]},{"id":"user-image-DALLE2025-03-0423.53.33-Asimpleandminimalisticimageofasmartphonedisplayingacandlestickchart.Thephonescreenshowsabasicfinancialmarketchartwithredandgre.webp","publicUrl":"np://user.desktop.nicepage.com/Site_260657682/images/DALLE2025-03-0423.53.33-Asimpleandminimalisticimageofasmartphonedisplayingacandlestickchart.Thephonescreenshowsabasicfinancialmarketchartwithredandgre.webp","size":181068,"hash":"KOl+VZLhlTMHCalA/k3W/IduMqk=","fileName":"DALLE2025-03-0423.53.33-Asimpleandminimalisticimageofasmartphonedisplayingacandlestickchart.Thephonescreenshowsabasicfinancialmarketchartwithredandgre.webp","name":"DALLE2025-03-0423.53.33-Asimpleandminimalisticimageofasmartphonedisplayingacandlestickchart.Thephonescreenshowsabasicfinancialmarketchartwithredandgre","width":1024,"height":1024,"thumbnail":{"url":"np://user.desktop.nicepage.com/Site_260657682/images/thumbnails/DALLE2025-03-0423.53.33-Asimpleandminimalisticimageofasmartphonedisplayingacandlestickchart.Thephonescreenshowsabasicfinancialmarketchartwithredandgre.webp","width":250,"height":250},"folderId":null,"usages":["54107995"]},{"id":"user-image-DALLE2025-03-0423.50.49-Afuturisticandmodernimagefeaturingalaptopdisplayingaglowingcandlestickchartwithatechnologytheme.Thelaptopisplacedonasleekdesk.webp","publicUrl":"np://user.desktop.nicepage.com/Site_260657682/images/DALLE2025-03-0423.50.49-Afuturisticandmodernimagefeaturingalaptopdisplayingaglowingcandlestickchartwithatechnologytheme.Thelaptopisplacedonasleekdesk.webp","size":364410,"hash":"7poyy1alb57Bn6Fr3fZDdAnnfPI=","fileName":"DALLE2025-03-0423.50.49-Afuturisticandmodernimagefeaturingalaptopdisplayingaglowingcandlestickchartwithatechnologytheme.Thelaptopisplacedonasleekdesk.webp","name":"DALLE2025-03-0423.50.49-Afuturisticandmodernimagefeaturingalaptopdisplayingaglowingcandlestickchartwithatechnologytheme.Thelaptopisplacedonasleekdesk","width":1024,"height":1024,"thumbnail":{"url":"np://user.desktop.nicepage.com/Site_260657682/images/thumbnails/DALLE2025-03-0423.50.49-Afuturisticandmodernimagefeaturingalaptopdisplayingaglowingcandlestickchartwithatechnologytheme.Thelaptopisplacedonasleekdesk.webp","width":250,"height":250},"folderId":null,"usages":["54107995"]},{"id":"user-image-DALLE2025-03-0423.29.08-Asimpleandmodernwebsitecoverfeaturingalaptopwithcodeonthescreen.Thelaptopisplacedonacleandeskwithadarkfuturisticbackground.webp","publicUrl":"np://user.desktop.nicepage.com/Site_260657682/images/DALLE2025-03-0423.29.08-Asimpleandmodernwebsitecoverfeaturingalaptopwithcodeonthescreen.Thelaptopisplacedonacleandeskwithadarkfuturisticbackground.webp","size":252036,"hash":"XdGis9M4TsRZhFwVUPrc70nPq/0=","fileName":"DALLE2025-03-0423.29.08-Asimpleandmodernwebsitecoverfeaturingalaptopwithcodeonthescreen.Thelaptopisplacedonacleandeskwithadarkfuturisticbackground.webp","name":"DALLE2025-03-0423.29.08-Asimpleandmodernwebsitecoverfeaturingalaptopwithcodeonthescreen.Thelaptopisplacedonacleandeskwithadarkfuturisticbackground","width":1792,"height":1024,"thumbnail":{"url":"np://user.desktop.nicepage.com/Site_260657682/images/thumbnails/DALLE2025-03-0423.29.08-Asimpleandmodernwebsitecoverfeaturingalaptopwithcodeonthescreen.Thelaptopisplacedonacleandeskwithadarkfuturisticbackground.webp","width":250,"height":143},"folderId":null,"usages":["54107995"]},{"id":"user-image-DALLE2025-03-0423.07.44-Acartoon-styleprofessionalbusinessavatarofawoman.Thewomanhasaconfidentexpressionwearingablazerablouseandsubtleprofessionalacc.webp","publicUrl":"np://user.desktop.nicepage.com/Site_260657682/images/DALLE2025-03-0423.07.44-Acartoon-styleprofessionalbusinessavatarofawoman.Thewomanhasaconfidentexpressionwearingablazerablouseandsubtleprofessionalacc.webp","size":125604,"hash":"hPDlu4gFgKH39veui2KUSribXwM=","fileName":"DALLE2025-03-0423.07.44-Acartoon-styleprofessionalbusinessavatarofawoman.Thewomanhasaconfidentexpressionwearingablazerablouseandsubtleprofessionalacc.webp","name":"DALLE2025-03-0423.07.44-Acartoon-styleprofessionalbusinessavatarofawoman.Thewomanhasaconfidentexpressionwearingablazerablouseandsubtleprofessionalacc","width":1024,"height":1024,"thumbnail":{"url":"np://user.desktop.nicepage.com/Site_260657682/images/thumbnails/DALLE2025-03-0423.07.44-Acartoon-styleprofessionalbusinessavatarofawoman.Thewomanhasaconfidentexpressionwearingablazerablouseandsubtleprofessionalacc.webp","width":250,"height":250},"folderId":null,"usages":["54107995"]},{"id":"user-image-DALLE2025-03-0423.07.34-Acartoon-styleprofessionalbusinessavatarofaman.Themanhasaconfidentandapproachableexpressionwearingasharpbusinesssuitacrispdre.webp","publicUrl":"np://user.desktop.nicepage.com/Site_260657682/images/DALLE2025-03-0423.07.34-Acartoon-styleprofessionalbusinessavatarofaman.Themanhasaconfidentandapproachableexpressionwearingasharpbusinesssuitacrispdre.webp","size":211704,"hash":"0v/K5QZ/BDr9V4UwMmsEnBWADzM=","fileName":"DALLE2025-03-0423.07.34-Acartoon-styleprofessionalbusinessavatarofaman.Themanhasaconfidentandapproachableexpressionwearingasharpbusinesssuitacrispdre.webp","name":"DALLE2025-03-0423.07.34-Acartoon-styleprofessionalbusinessavatarofaman.Themanhasaconfidentandapproachableexpressionwearingasharpbusinesssuitacrispdre","width":1024,"height":1024,"thumbnail":{"url":"np://user.desktop.nicepage.com/Site_260657682/images/thumbnails/DALLE2025-03-0423.07.34-Acartoon-styleprofessionalbusinessavatarofaman.Themanhasaconfidentandapproachableexpressionwearingasharpbusinesssuitacrispdre.webp","width":250,"height":250},"folderId":null,"usages":["54107995"]},{"id":"user-image-Screenshot8461.png","publicUrl":"np://user.desktop.nicepage.com/Site_260657682/images/Screenshot8461.png","size":194327,"hash":"yqFK93dpXpvInncOq+K8itOITpg=","fileName":"Screenshot8461.png","name":"Screenshot8461","width":1366,"height":715,"thumbnail":{"url":"np://user.desktop.nicepage.com/Site_260657682/images/thumbnails/Screenshot8461.png","width":250,"height":131},"folderId":null,"usages":["54107995"]},{"id":"user-image-Screenshot2025-03-04204925.png","publicUrl":"np://user.desktop.nicepage.com/Site_260657682/images/Screenshot2025-03-04204925.png","size":86426,"hash":"b+TlPJNs6zF1Pn4hoa7jXeYeGn4=","fileName":"Screenshot2025-03-04204925.png","name":"Screenshot2025-03-04204925","width":1112,"height":523,"thumbnail":{"url":"np://user.desktop.nicepage.com/Site_260657682/images/thumbnails/Screenshot2025-03-04204925.png","width":250,"height":118},"folderId":null,"usages":["54107995"]},{"id":"user-image-Screenshot2025-03-04201850.png","publicUrl":"np://user.desktop.nicepage.com/Site_260657682/images/Screenshot2025-03-04201850.png","size":71979,"hash":"PEQw6vBCa59kNpoTgECSx7LWaJk=","fileName":"Screenshot2025-03-04201850.png","name":"Screenshot2025-03-04201850","width":693,"height":537,"thumbnail":{"url":"np://user.desktop.nicepage.com/Site_260657682/images/thumbnails/Screenshot2025-03-04201850.png","width":250,"height":194},"folderId":null,"usages":["54107995"]},{"id":"user-image-152349.png","publicUrl":"np://user.desktop.nicepage.com/Site_260657682/images/152349.png","size":779,"hash":"Dg93Dxd4cZ1DNdXpg4cQqx7Iwlg=","fileName":"152349.png","name":"152349","width":128,"height":128,"thumbnail":{"url":"np://user.desktop.nicepage.com/Site_260657682/images/thumbnails/152349.png","width":128,"height":128,"length":779,"type":"png"},"folderId":null,"usages":["54107995"]},{"id":"user-image-DALLE2025-03-0419.57.44-Amodernofficesettingwithasinglesleeklaptoponadeskdisplayinglinesofcodeonthescreen.Therearenootherlaptopsoradditionaloffice.webp","publicUrl":"np://user.desktop.nicepage.com/Site_260657682/images/DALLE2025-03-0419.57.44-Amodernofficesettingwithasinglesleeklaptoponadeskdisplayinglinesofcodeonthescreen.Therearenootherlaptopsoradditionaloffice.webp","size":329000,"hash":"uII6U2hLjW6+rJHYCYaVJz8HLCI=","fileName":"DALLE2025-03-0419.57.44-Amodernofficesettingwithasinglesleeklaptoponadeskdisplayinglinesofcodeonthescreen.Therearenootherlaptopsoradditionaloffice.webp","name":"DALLE2025-03-0419.57.44-Amodernofficesettingwithasinglesleeklaptoponadeskdisplayinglinesofcodeonthescreen.Therearenootherlaptopsoradditionaloffice","width":1792,"height":1024,"thumbnail":{"url":"np://user.desktop.nicepage.com/Site_260657682/images/thumbnails/DALLE2025-03-0419.57.44-Amodernofficesettingwithasinglesleeklaptoponadeskdisplayinglinesofcodeonthescreen.Therearenootherlaptopsoradditionaloffice.webp","width":250,"height":143},"folderId":null,"usages":["54107995"]},{"id":"user-image-image6.png","publicUrl":"np://user.desktop.nicepage.com/Site_260657682/images/image6.png","size":994000,"hash":"YuBBmQNCHMisRdKWLeP7YJvC7nA=","fileName":"image6.png","name":"image6","width":1024,"height":1024,"thumbnail":{"url":"np://user.desktop.nicepage.com/Site_260657682/images/thumbnails/image6.png","width":250,"height":250},"folderId":null,"usages":["54107995"]},{"id":"user-image-MoGamal.png","publicUrl":"np://user.desktop.nicepage.com/Site_260657682/images/MoGamal.png","size":196881,"hash":"XgIShenUedR7Phd7K61w5ww3wCU=","fileName":"MoGamal.png","name":"MoGamal","width":793,"height":793,"thumbnail":{"url":"np://user.desktop.nicepage.com/Site_260657682/images/thumbnails/MoGamal.png","width":250,"height":250},"folderId":null,"usages":["54107995"]}]