[{"id":127954417,"title":"Blog Template","order":1,"templateKey":"blog","customTemplate":false,"customTemplateFilename":null,"pageLinks":[],"dateCreated":"2025-03-01T20:51:12.456Z","dateUpdated":"2025-03-01T20:51:15.728Z","folderId":null,"pageName":"Blog Template","serverPageId":null,"sectionCount":1,"status":2,"backwardUrl":null},{"id":571528874,"title":"Post Template","order":2,"templateKey":"post","customTemplate":false,"customTemplateFilename":null,"pageLinks":[],"dateCreated":"2025-03-01T20:51:12.818Z","dateUpdated":"2025-03-01T20:51:15.729Z","folderId":null,"pageName":"Post Template","serverPageId":null,"sectionCount":1,"status":2,"backwardUrl":null},{"id":2825002759,"title":"Product List Template","order":3,"templateKey":"products","customTemplate":false,"customTemplateFilename":null,"pageLinks":[],"dateCreated":"2025-03-01T20:51:13.122Z","dateUpdated":"2025-03-01T20:51:15.730Z","folderId":null,"pageName":"Product List Template","serverPageId":null,"sectionCount":1,"status":2,"backwardUrl":null},{"id":867100639,"title":"Product Details Template","order":4,"templateKey":"product","customTemplate":false,"customTemplateFilename":null,"pageLinks":[],"dateCreated":"2025-03-01T20:51:13.483Z","dateUpdated":"2025-03-01T20:51:15.730Z","folderId":null,"pageName":"Product Details Template","serverPageId":null,"sectionCount":1,"status":2,"backwardUrl":null},{"id":294807982,"title":"Shopping Cart Template","order":5,"templateKey":"cart","customTemplate":false,"customTemplateFilename":null,"pageLinks":[],"dateCreated":"2025-03-01T20:51:13.794Z","dateUpdated":"2025-03-01T20:51:15.731Z","folderId":null,"pageName":"Shopping Cart Template","serverPageId":null,"sectionCount":1,"status":2,"backwardUrl":null},{"id":58903759,"title":"Checkout Template","order":6,"templateKey":"checkout","customTemplate":false,"customTemplateFilename":null,"pageLinks":[],"dateCreated":"2025-03-01T20:51:14.168Z","dateUpdated":"2025-03-01T20:51:15.731Z","folderId":null,"pageName":"Checkout Template","serverPageId":null,"sectionCount":1,"status":2,"backwardUrl":null},{"id":113653691,"title":"Login Template","order":7,"templateKey":"login","customTemplate":false,"customTemplateFilename":null,"pageLinks":[],"dateCreated":"2025-03-01T20:51:14.381Z","dateUpdated":"2025-03-01T20:51:15.731Z","folderId":null,"pageName":"Login Template","serverPageId":null,"sectionCount":1,"status":2,"backwardUrl":null},{"id":49839056,"title":"Search Page Template","order":8,"templateKey":"Search","customTemplate":false,"customTemplateFilename":null,"pageLinks":[],"dateCreated":"2025-03-01T20:51:14.539Z","dateUpdated":"2025-03-01T20:51:15.731Z","folderId":null,"pageName":"Search Page Template","serverPageId":null,"sectionCount":1,"status":2,"backwardUrl":null},{"id":654916344,"title":"Page Password Template","order":9,"templateKey":"password","customTemplate":false,"customTemplateFilename":null,"pageLinks":[],"dateCreated":"2025-03-01T20:51:14.708Z","dateUpdated":"2025-03-01T20:51:15.732Z","folderId":null,"pageName":"Page Password Template","serverPageId":null,"sectionCount":1,"status":2,"backwardUrl":null},{"id":403922082,"title":"404 Not Found Template","order":10,"templateKey":"404","customTemplate":false,"customTemplateFilename":null,"pageLinks":[],"dateCreated":"2025-03-01T20:51:14.870Z","dateUpdated":"2025-03-01T20:51:15.732Z","folderId":null,"pageName":"404 Not Found Template","serverPageId":null,"sectionCount":1,"status":2,"backwardUrl":null},{"id":131810739,"title":"Thank You Page Template","order":11,"templateKey":"ThankYou","customTemplate":false,"customTemplateFilename":null,"pageLinks":[],"dateCreated":"2025-03-01T20:51:15.003Z","dateUpdated":"2025-03-01T20:51:15.732Z","folderId":null,"pageName":"Thank You Page Template","serverPageId":null,"sectionCount":1,"status":2,"backwardUrl":null},{"id":425304447,"title":"Home","order":50,"templateKey":null,"customTemplate":false,"customTemplateFilename":null,"pageLinks":[],"dateCreated":"2025-03-01T20:51:17.174Z","dateUpdated":"2025-03-01T20:53:13.455Z","folderId":null,"pageName":"Home_425304447","serverPageId":null,"sectionCount":1,"status":2,"backwardUrl":null},{"id":163645467,"title":"About","order":100,"templateKey":null,"customTemplate":false,"customTemplateFilename":null,"pageLinks":[],"dateCreated":"2025-03-01T20:51:15.111Z","dateUpdated":"2025-03-01T20:51:15.732Z","folderId":null,"pageName":"About_163645467","serverPageId":null,"sectionCount":1,"status":2,"backwardUrl":null},{"id":56633249,"title":"Contact","order":101,"templateKey":null,"customTemplate":false,"customTemplateFilename":null,"pageLinks":[],"dateCreated":"2025-03-01T20:51:15.197Z","dateUpdated":"2025-03-01T20:51:15.732Z","folderId":null,"pageName":"Contact_56633249","serverPageId":null,"sectionCount":1,"status":2,"backwardUrl":null},{"id":54107995,"title":"AMGI","order":102,"templateKey":null,"customTemplate":false,"customTemplateFilename":null,"pageLinks":[],"dateCreated":"2025-03-01T20:56:21.965Z","dateUpdated":"2025-03-06T21:50:34.993Z","folderId":null,"pageName":"AMGI_54107995","serverPageId":null,"sectionCount":7,"status":2,"backwardUrl":null}]